epoch,EpisodesSoFar,EpLenMean,avg_reward,num_opts_used,entropy_of_sampling_state,number_of_options_changed
1,4,500.0,0.0,2.0,2027.6606248669452,1004
2,11,355.0,0.7,2.0,1694.5223798904701,1210
3,16,326.3,0.9,2.0,777.3096002032062,500
4,25,261.0,1.0,2.0,1050.1509663253569,1247
5,31,298.5,0.8,2.0,1965.023796435908,337
6,36,398.0,0.6,2.0,690.0871660539517,117
7,41,418.8,0.6,2.0,949.7824943695585,214
